[
  {
    "id": 1,
    "sku": "ACTIVA-01-2L",
    "name": "Activa Vegetable Oil (2L)",
    "slug": "activa-vegetable-oil-2l",
    "brand": "Activa",
    "brandId": 9,
    "company": "SNF Foods",
    "companyId": 8,
    "category": "Cooking Oils & Fats",
    "categorySlug": "cooking-oils-fats",
    "description": "Pure vegetable oil in a handy 2-liter bottle.",
    "detailedDescription": "Refined and triple-filtered for deep frying and health-conscious cooking. Fortified with Vitamin A.",
    "price": 2500,
    "moq": 6,
    "unit": "Bottle",
    "inStock": true,
    "quantity": 150,
    "images": [
      "https://i.ibb.co/67nsgy8z/activa-2ltr.png",
      "https://i.ibb.co/2rgnG84/activa-2ltrs.png"
    ],
    "specifications": {
      "brand": "Activa",
      "company": "SNF Foods",
      "unit": "2L",
      "moq": 6,
      "sku": "ACTIVA-01-2L",
      "size": "2L"
    },
    "tags": [
      "oil",
      "vegetable"
    ],
    "isActive": true,
    "isFeatured": true
  },
  {
    "id": 2,
    "sku": "ACTIVA-02-3L",
    "name": "Activa Vegetable Oil (3L)",
    "slug": "activa-vegetable-oil-3l",
    "brand": "Activa",
    "brandId": 9,
    "company": "SNF Foods",
    "companyId": 8,
    "category": "Cooking Oils & Fats",
    "categorySlug": "cooking-oils-fats",
    "description": "Family size 3-liter pure vegetable oil.",
    "detailedDescription": "Economical pack size suitable for households with frequent cooking needs.",
    "price": 3750,
    "moq": 4,
    "unit": "Bottle",
    "inStock": true,
    "quantity": 90,
    "images": [
      "https://i.ibb.co/YByHxngk/activa-3ltrs-2.png"
    ],
    "specifications": {
      "brand": "Activa",
      "company": "SNF Foods",
      "unit": "3L",
      "moq": 4,
      "sku": "ACTIVA-02-3L",
      "size": "3L"
    },
    "tags": [
      "oil",
      "bulk"
    ],
    "isActive": true,
    "isFeatured": false
  },
  {
    "id": 3,
    "sku": "ACTIVA-03-5L",
    "name": "Activa Vegetable Oil (5L)",
    "slug": "activa-vegetable-oil-5l",
    "brand": "Activa",
    "brandId": 9,
    "company": "SNF Foods",
    "companyId": 8,
    "category": "Cooking Oils & Fats",
    "categorySlug": "cooking-oils-fats",
    "description": "Large 5-liter keg for heavy cooking needs.",
    "detailedDescription": "Ideal for restaurants and caterers. High smoke point for prolonged frying.",
    "price": 6200,
    "moq": 3,
    "unit": "Keg",
    "inStock": true,
    "quantity": 70,
    "images": [
      "https://i.ibb.co/2TmQrfM/activa-5ltrs.png"
    ],
    "specifications": {
      "brand": "Activa",
      "company": "SNF Foods",
      "unit": "5L",
      "moq": 3,
      "sku": "ACTIVA-03-5L",
      "size": "5L"
    },
    "tags": [
      "oil",
      "bulk",
      "featured"
    ],
    "isActive": true,
    "isFeatured": true
  },
  {
    "id": 4,
    "sku": "ACTIVA-04-25L",
    "name": "Activa Vegetable Oil (25L)",
    "slug": "activa-vegetable-oil-25l",
    "brand": "Activa",
    "brandId": 9,
    "company": "SNF Foods",
    "companyId": 8,
    "category": "Cooking Oils & Fats",
    "categorySlug": "cooking-oils-fats",
    "description": "Industrial size 25-liter jerry can.",
    "detailedDescription": "Massive volume for commercial kitchens, hotels, and large-scale event catering.",
    "price": 65000,
    "moq": 1,
    "unit": "Jerry Can",
    "inStock": true,
    "quantity": 30,
    "images": [
      "https://i.ibb.co/Kj4V9LMs/activa-25l.png",
      "https://i.ibb.co/JwMBcGNm/activa-25ltrs.png"
    ],
    "specifications": {
      "brand": "Activa",
      "company": "SNF Foods",
      "unit": "25L",
      "moq": 1,
      "sku": "ACTIVA-04-25L",
      "size": "25L"
    },
    "tags": [
      "oil",
      "commercial",
      "bulk"
    ],
    "isActive": true,
    "isFeatured": false
  },
  {
    "id": 5,
    "sku": "ACTIVA-05-SACHET",
    "name": "Activa Vegetable Oil Sachet (45ml)",
    "slug": "activa-vegetable-oil-sachet-45ml",
    "brand": "Activa",
    "brandId": 9,
    "company": "SNF Foods",
    "companyId": 8,
    "category": "Cooking Oils & Fats",
    "categorySlug": "cooking-oils-fats",
    "description": "Single-use vegetable oil sachet.",
    "detailedDescription": "Perfect for single meals or students. Affordable and convenient.",
    "price": 100,
    "moq": 100,
    "unit": "Sachet",
    "inStock": true,
    "quantity": 5000,
    "images": [
      "https://i.ibb.co/LD8ySSm3/activa-sachet-45ml-2.png",
      "https://i.ibb.co/whC60vkZ/activa-sachet-45ml.png"
    ],
    "specifications": {
      "brand": "Activa",
      "company": "SNF Foods",
      "unit": "45ml",
      "moq": 100,
      "sku": "ACTIVA-05-SACHET",
      "size": "45ml"
    },
    "tags": [
      "oil",
      "sachet",
      "budget"
    ],
    "isActive": true,
    "isFeatured": false
  },
  {
    "id": 55,
    "sku": "ACTIVA-55-1L",
    "name": "Activa Vegetable Oil (1L)",
    "slug": "activa-vegetable-oil-1l",
    "brand": "Activa",
    "brandId": 9,
    "company": "SNF Foods",
    "companyId": 8,
    "category": "Cooking Oils & Fats",
    "categorySlug": "cooking-oils-fats",
    "description": "Standard 1-liter bottle of pure vegetable oil.",
    "detailedDescription": "The standard kitchen companion for everyday frying and cooking.",
    "price": 1300,
    "moq": 12,
    "unit": "Bottle",
    "inStock": true,
    "quantity": 200,
    "images": [
      "https://i.ibb.co/jPrrdnmy/activa-1lt-2.png",
      "https://i.ibb.co/wrNbxF6B/activa-1lt.png"
    ],
    "specifications": {
      "brand": "Activa",
      "company": "SNF Foods",
      "unit": "1L",
      "moq": 12,
      "sku": "ACTIVA-55-1L",
      "size": "1L"
    },
    "tags": [
      "oil",
      "vegetable"
    ],
    "isActive": true,
    "isFeatured": false
  },
  {
    "id": 6,
    "sku": "CROWN-06-PASTA",
    "name": "Crown Premium Pasta",
    "slug": "crown-premium-pasta",
    "brand": "Crown Flour Mills",
    "brandId": 24,
    "company": "Crown Flour Mills (Olam)",
    "companyId": 3,
    "category": "Pasta, Rice & Grains",
    "categorySlug": "pasta-rice-grains",
    "description": "Non-sticky premium pasta for delicious meals.",
    "detailedDescription": "Made from high-quality durum wheat semolina. Cooks quickly and retains its shape.",
    "price": 18100,
    "moq": 20,
    "unit": "Pack",
    "inStock": true,
    "quantity": 250,
    "images": [
      "https://i.ibb.co/B2NX7dMm/Crown-premiumpasta.jpg"
    ],
    "specifications": {
      "brand": "Crown Flour Mills",
      "company": "Crown Flour Mills (Olam)",
      "unit": "500g",
      "moq": 20,
      "sku": "CROWN-06-PASTA",
      "size": "500g"
    },
    "tags": [
      "pasta",
      "spaghetti"
    ],
    "isActive": true,
    "isFeatured": false
  },
  {
    "id": 7,
    "sku": "DANGOTE-07-1KG",
    "name": "Dangote Granulated Sugar (1kg)",
    "slug": "dangote-granulated-sugar-1kg",
    "brand": "Dangote Sugar",
    "brandId": 25,
    "company": "Dangote",
    "companyId": 4,
    "category": "Baking & Confectionery",
    "categorySlug": "baking-confectionery",
    "description": "Refined granulated sugar, vitamin A fortified.",
    "detailedDescription": "Premium fine-grain white sugar, essential for baking and sweetening beverages. Fortified to government standards.",
    "price": 15550,
    "moq": 10,
    "unit": "Pack",
    "inStock": true,
    "quantity": 400,
    "images": [
      "https://i.ibb.co/VY07nMWV/Dangote-1kg-sugar-x10.png"
    ],
    "specifications": {
      "brand": "Dangote Sugar",
      "company": "Dangote",
      "unit": "1kg",
      "moq": 10,
      "sku": "DANGOTE-07-1KG",
      "size": "1kg"
    },
    "tags": [
      "sugar",
      "baking"
    ],
    "isActive": true,
    "isFeatured": true
  },
  {
    "id": 8,
    "sku": "DANGOTE-08-500G",
    "name": "Dangote Granulated Sugar (500g)",
    "slug": "dangote-granulated-sugar-500g",
    "brand": "Dangote Sugar",
    "brandId": 25,
    "company": "Dangote",
    "companyId": 4,
    "category": "Baking & Confectionery",
    "categorySlug": "baking-confectionery",
    "description": "Mid-size pack of refined granulated sugar.",
    "detailedDescription": "Convenient 500g pack for smaller households.",
    "price": 15550,
    "moq": 20,
    "unit": "Pack",
    "inStock": true,
    "quantity": 300,
    "images": [
      "https://i.ibb.co/ccPgpV1L/Dangote-500g-sugar-x20.png"
    ],
    "specifications": {
      "brand": "Dangote Sugar",
      "company": "Dangote",
      "unit": "500g",
      "moq": 20,
      "sku": "DANGOTE-08-500G",
      "size": "500g"
    },
    "tags": [
      "sugar",
      "baking"
    ],
    "isActive": true,
    "isFeatured": false
  },
  {
    "id": 88,
    "sku": "DANGOTE-88-250G",
    "name": "Dangote Granulated Sugar (250g)",
    "slug": "dangote-granulated-sugar-250g",
    "brand": "Dangote Sugar",
    "brandId": 25,
    "company": "Dangote",
    "companyId": 4,
    "category": "Baking & Confectionery",
    "categorySlug": "baking-confectionery",
    "description": "Small pack of refined granulated sugar.",
    "detailedDescription": "Pocket-friendly 250g pack.",
    "price": 15550,
    "moq": 40,
    "unit": "Pack",
    "inStock": true,
    "quantity": 500,
    "images": [
      "https://i.ibb.co/0jh98sP7/Dangote-250g-sugar-x40.png"
    ],
    "specifications": {
      "brand": "Dangote Sugar",
      "company": "Dangote",
      "unit": "250g",
      "moq": 40,
      "sku": "DANGOTE-88-250G",
      "size": "250g"
    },
    "tags": [
      "sugar",
      "baking",
      "small"
    ],
    "isActive": true,
    "isFeatured": false
  },
  {
    "id": 9,
    "sku": "DANO-09-SACHET",
    "name": "Dano Cool Cow Milk Sachet",
    "slug": "dano-cool-cow-sachet",
    "brand": "Dano",
    "brandId": 19,
    "company": "Arla Dano",
    "companyId": 14,
    "category": "Dairy",
    "categorySlug": "dairy-eggs-refrigerated",
    "description": "Instant filled milk powder in a sachet.",
    "detailedDescription": "A creamy, affordable option for daily milk consumption. Highly soluble and nutritious.",
    "price": 27300,
    "moq": 50,
    "unit": "Sachet",
    "inStock": true,
    "quantity": 1000,
    "images": [
      "https://i.ibb.co/ksr6PWs4/Dano-cool-cow-sachet.png"
    ],
    "specifications": {
      "brand": "Dano",
      "company": "Arla Dano",
      "unit": "30g",
      "moq": 50,
      "sku": "DANO-09-SACHET"
    },
    "tags": [
      "milk",
      "dairy"
    ],
    "isActive": true,
    "isFeatured": false
  },
  {
    "id": 10,
    "sku": "DANO-10-REFILL",
    "name": "Dano Cool Cow Refill (320g)",
    "slug": "dano-cool-cow-refill-320g",
    "brand": "Dano",
    "brandId": 19,
    "company": "Arla Dano",
    "companyId": 14,
    "category": "Dairy",
    "categorySlug": "dairy-eggs-refrigerated",
    "description": "Refill pack of instant filled milk powder.",
    "detailedDescription": "Family size refill pack, easy to store and great for breakfast.",
    "price": 33200,
    "moq": 10,
    "unit": "Pack",
    "inStock": true,
    "quantity": 120,
    "images": [
      "https://i.ibb.co/wFfhXJdn/Dano-Cool-Cow-Refill-Milk-Powder-320g.png"
    ],
    "specifications": {
      "brand": "Dano",
      "company": "Arla Dano",
      "unit": "320g",
      "moq": 10,
      "sku": "DANO-10-REFILL",
      "size": "320g"
    },
    "tags": [
      "milk",
      "dairy",
      "refill"
    ],
    "isActive": true,
    "isFeatured": false
  },
  {
    "id": 12,
    "sku": "GP-12-SPAG",
    "name": "Golden Penny Spaghetti",
    "slug": "golden-penny-spaghetti",
    "brand": "Golden Penny",
    "brandId": 2,
    "company": "Flour Mills of Nigeria (FMN)",
    "companyId": 1,
    "category": "Pasta, Rice & Grains",
    "categorySlug": "pasta-rice-grains",
    "description": "Non-sticky spaghetti, a Nigerian favorite.",
    "detailedDescription": "Made from superior durum wheat, offering a quick and non-clumping cooking experience.",
    "price": 18380,
    "moq": 20,
    "unit": "Pack",
    "inStock": true,
    "quantity": 300,
    "images": [
      "https://i.ibb.co/Wv1C38Cf/Golden-Penny-Spaghetti-500g.png",
      "https://i.ibb.co/Wv1C38Cf/Golden-Penny-Spaghetti-500g-alt.png"
    ],
    "specifications": {
      "brand": "Golden Penny",
      "company": "Flour Mills of Nigeria (FMN)",
      "unit": "500g",
      "moq": 20,
      "sku": "GP-12-SPAG"
    },
    "tags": [
      "pasta",
      "spaghetti",
      "fmn"
    ],
    "isActive": true,
    "isFeatured": true
  },
  {
    "id": 13,
    "sku": "GP-13-FLOUR-50",
    "name": "Golden Penny Prime Flour (50kg)",
    "slug": "golden-penny-prime-flour-50kg",
    "brand": "Golden Penny",
    "brandId": 2,
    "company": "Flour Mills of Nigeria (FMN)",
    "companyId": 1,
    "category": "Baking & Confectionery",
    "categorySlug": "baking-confectionery",
    "description": "All-purpose white flour for baking.",
    "detailedDescription": "The baker's choice for bread, cakes, and pastries. High yield and excellent texture.",
    "price": 62000,
    "moq": 1,
    "unit": "Bag",
    "inStock": true,
    "quantity": 50,
    "images": [
      "https://i.ibb.co/4wtcjvk6/Golden-penny-prime-flour-50kg.jpg"
    ],
    "specifications": {
      "brand": "Golden Penny",
      "company": "Flour Mills of Nigeria (FMN)",
      "unit": "50kg",
      "moq": 1,
      "sku": "GP-13-FLOUR-50",
      "size": "50kg"
    },
    "tags": [
      "flour",
      "baking",
      "commercial"
    ],
    "isActive": true,
    "isFeatured": false
  },
  {
    "id": 14,
    "sku": "AB-14-SLIM",
    "name": "Auntie B Spaghetti Slim",
    "slug": "auntie-b-spaghetti-slim",
    "brand": "Auntie B",
    "brandId": 23,
    "company": "Flour Mills of Nigeria (FMN)",
    "companyId": 1,
    "category": "Pasta, Rice & Grains",
    "categorySlug": "pasta-rice-grains",
    "description": "Thinner strands of spaghetti for quicker cooking.",
    "detailedDescription": "Delicate texture, perfect for light sauces and quick meals.",
    "price": 14000,
    "moq": 20,
    "unit": "Pack",
    "inStock": true,
    "quantity": 180,
    "images": [
      "https://i.ibb.co/DDrkVs4b/Auntie-B-Spaghetti-Slim.jpg",
      "https://i.ibb.co/Nn3wN6Hw/Auntie-B-Spaghettini-500g.png"
    ],
    "specifications": {
      "brand": "Auntie B",
      "company": "Flour Mills of Nigeria (FMN)",
      "unit": "500g",
      "moq": 20,
      "sku": "AB-14-SLIM",
      "size": "500g"
    },
    "tags": [
      "pasta",
      "spaghetti",
      "slim"
    ],
    "isActive": true,
    "isFeatured": false
  },
  {
    "id": 15,
    "sku": "GP-15-AMAIZING",
    "name": "Golden Penny Amaizing Day (600g)",
    "slug": "golden-penny-amaizing-day-600g",
    "brand": "Golden Penny",
    "brandId": 2,
    "company": "Flour Mills of Nigeria (FMN)",
    "companyId": 1,
    "category": "Pasta, Rice & Grains",
    "categorySlug": "pasta-rice-grains",
    "description": "Nutritious cereal for the whole family.",
    "detailedDescription": "Fortified with vitamins and minerals to start your day right.",
    "price": 12550,
    "moq": 12,
    "unit": "Pack",
    "inStock": true,
    "quantity": 100,
    "images": [
      "https://i.ibb.co/s97wRMNX/Goldenpenny-AMAIZING-DAY-600-G.png"
    ],
    "specifications": {
      "brand": "Golden Penny",
      "company": "Flour Mills of Nigeria (FMN)",
      "unit": "600g",
      "moq": 12,
      "sku": "GP-15-AMAIZING",
      "size": "600g"
    },
    "tags": [
      "cereal",
      "breakfast"
    ],
    "isActive": true,
    "isFeatured": false
  },
  {
    "id": 16,
    "sku": "AB-16-SEMO",
    "name": "Auntie B Semovita (2kg)",
    "slug": "auntie-b-semovita-2kg",
    "brand": "Auntie B",
    "brandId": 23,
    "company": "Flour Mills of Nigeria (FMN)",
    "companyId": 1,
    "category": "Pasta, Rice & Grains",
    "categorySlug": "pasta-rice-grains",
    "description": "Premium quality semolina flour.",
    "detailedDescription": "The number one choice for swallows in Nigeria. Smooth and lump-free.",
    "price": 14500,
    "moq": 6,
    "unit": "Pack",
    "inStock": true,
    "quantity": 150,
    "images": [
      "https://i.ibb.co/cc1QXFLv/Auntie-B-Semovita.jpg",
      "https://i.ibb.co/1txXstSf/Auntie-B-Semovita-2kg.jpg"
    ],
    "specifications": {
      "brand": "Auntie B",
      "company": "Flour Mills of Nigeria (FMN)",
      "unit": "2kg",
      "moq": 6,
      "sku": "AB-16-SEMO",
      "size": "2kg"
    },
    "tags": [
      "swallow",
      "semo",
      "traditional"
    ],
    "isActive": true,
    "isFeatured": true
  },
  {
    "id": 17,
    "sku": "AB-17-TWIST",
    "name": "Auntie B Twist (200g)",
    "slug": "auntie-b-twist-200g",
    "brand": "Auntie B",
    "brandId": 23,
    "company": "Flour Mills of Nigeria (FMN)",
    "companyId": 1,
    "category": "Pasta, Rice & Grains",
    "categorySlug": "pasta-rice-grains",
    "description": "Fun twisted pasta shapes.",
    "detailedDescription": "Great for macaroni cheese and pasta salads.",
    "price": 14500,
    "moq": 24,
    "unit": "Pack",
    "inStock": true,
    "quantity": 200,
    "images": [
      "https://i.ibb.co/p6VpV1Q3/Auntie-B-Twist.jpg",
      "https://i.ibb.co/93NdXbdn/Auntie-B-Twist-200g.png"
    ],
    "specifications": {
      "brand": "Auntie B",
      "company": "Flour Mills of Nigeria (FMN)",
      "unit": "200g",
      "moq": 24,
      "sku": "AB-17-TWIST",
      "size": "200g"
    },
    "tags": [
      "pasta",
      "macaroni"
    ],
    "isActive": true,
    "isFeatured": false
  },
  {
    "id": 18,
    "sku": "GP-18-NOODLES-CHICKEN",
    "name": "Golden Penny Chicken Noodles (70g)",
    "slug": "golden-penny-chicken-noodles-70g",
    "brand": "Golden Penny",
    "brandId": 2,
    "company": "Flour Mills of Nigeria (FMN)",
    "companyId": 1,
    "category": "Pasta, Rice & Grains",
    "categorySlug": "pasta-rice-grains",
    "description": "Tasty instant chicken noodles.",
    "detailedDescription": "Quick, easy, and delicious. A favorite for kids and students.",
    "price": 7370,
    "moq": 40,
    "unit": "Pack",
    "inStock": true,
    "quantity": 600,
    "images": [
      "https://i.ibb.co/QjvYg14P/goldenpenny-chicken-noodles-70g.jpg"
    ],
    "specifications": {
      "brand": "Golden Penny",
      "company": "Flour Mills of Nigeria (FMN)",
      "unit": "70g",
      "moq": 40,
      "sku": "GP-18-NOODLES-CHICKEN",
      "size": "70g"
    },
    "tags": [
      "noodles",
      "instant"
    ],
    "isActive": true,
    "isFeatured": false
  },
  {
    "id": 19,
    "sku": "GP-19-GOLDEN-BITES",
    "name": "Golden Penny Golden Bites",
    "slug": "golden-penny-golden-bites",
    "brand": "Golden Penny",
    "brandId": 2,
    "company": "Flour Mills of Nigeria (FMN)",
    "companyId": 1,
    "category": "Snacks & Beverages",
    "categorySlug": "snacks-beverages",
    "description": "Crunchy chin-chin snacks.",
    "detailedDescription": "Deliciously crunchy and milky snacks for on-the-go munching.",
    "price": 11950,
    "moq": 50,
    "unit": "Pack",
    "inStock": true,
    "quantity": 350,
    "images": [
      "https://i.ibb.co/5grpGxpK/Goldenpenny-golden-bites.jpg",
      "https://i.ibb.co/Q7L7YXTZ/Goldenpenny-golden-bites.png"
    ],
    "specifications": {
      "brand": "Golden Penny",
      "company": "Flour Mills of Nigeria (FMN)",
      "unit": "Pack",
      "moq": 50,
      "sku": "GP-19-GOLDEN-BITES"
    },
    "tags": [
      "snack",
      "chinchin"
    ],
    "isActive": true,
    "isFeatured": false
  },
  {
    "id": 20,
    "sku": "GP-20-MAYO",
    "name": "Golden Penny Mayonnaise",
    "slug": "golden-penny-mayonnaise",
    "brand": "Golden Penny",
    "brandId": 2,
    "company": "Flour Mills of Nigeria (FMN)",
    "companyId": 1,
    "category": "Spices, Sauces & Condiments",
    "categorySlug": "spices-sauces-condiments",
    "description": "Creamy and rich mayonnaise.",
    "detailedDescription": "Perfect for salads, bread spreads, and dips.",
    "price": 28900,
    "moq": 6,
    "unit": "Jar",
    "inStock": true,
    "quantity": 80,
    "images": [
      "https://i.ibb.co/wrcXypzy/goldenpenny-mayonnaise.png"
    ],
    "specifications": {
      "brand": "Golden Penny",
      "company": "Flour Mills of Nigeria (FMN)",
      "unit": "Jar",
      "moq": 6,
      "sku": "GP-20-MAYO"
    },
    "tags": [
      "mayonnaise",
      "condiment"
    ],
    "isActive": true,
    "isFeatured": false
  },
  {
    "id": 21,
    "sku": "GP-21-NOODLE-GOAT",
    "name": "Golden Penny Goatmeat Noodles",
    "slug": "golden-penny-noodle-goatmeat",
    "brand": "Golden Penny",
    "brandId": 2,
    "company": "Flour Mills of Nigeria (FMN)",
    "companyId": 1,
    "category": "Pasta, Rice & Grains",
    "categorySlug": "pasta-rice-grains",
    "description": "Instant noodles with goat meat flavor.",
    "detailedDescription": "A spicy, local favorite flavor profile.",
    "price": 7390,
    "moq": 40,
    "unit": "Pack",
    "inStock": true,
    "quantity": 400,
    "images": [
      "https://i.ibb.co/ccKGD249/Goldenpenny-noodle-goatmeat.jpg"
    ],
    "specifications": {
      "brand": "Golden Penny",
      "company": "Flour Mills of Nigeria (FMN)",
      "unit": "70g",
      "moq": 40,
      "sku": "GP-21-NOODLE-GOAT",
      "size": "70g"
    },
    "tags": [
      "noodles",
      "goatmeat"
    ],
    "isActive": true,
    "isFeatured": false
  },
  {
    "id": 22,
    "sku": "GP-22-NOODLE-JOLLOF",
    "name": "Golden Penny Jollof Chicken Noodles",
    "slug": "golden-penny-noodles-jollof-chicken",
    "brand": "Golden Penny",
    "brandId": 2,
    "company": "Flour Mills of Nigeria (FMN)",
    "companyId": 1,
    "category": "Pasta, Rice & Grains",
    "categorySlug": "pasta-rice-grains",
    "description": "Jollof rice style chicken noodles.",
    "detailedDescription": "The authentic taste of Nigerian Jollof in a noodle pack.",
    "price": 7390,
    "moq": 40,
    "unit": "Pack",
    "inStock": true,
    "quantity": 400,
    "images": [
      "https://i.ibb.co/ZzfVzB1j/Goldenpenny-noodles-jollof-chicken.jpg"
    ],
    "specifications": {
      "brand": "Golden Penny",
      "company": "Flour Mills of Nigeria (FMN)",
      "unit": "70g",
      "moq": 40,
      "sku": "GP-22-NOODLE-JOLLOF",
      "size": "70g"
    },
    "tags": [
      "noodles",
      "jollof"
    ],
    "isActive": true,
    "isFeatured": false
  },
  {
    "id": 23,
    "sku": "GP-23-WHEAT",
    "name": "Golden Penny Goldenvita Wheatmeal",
    "slug": "golden-penny-wheatmeal-goldenvita",
    "brand": "Golden Penny",
    "brandId": 2,
    "company": "Flour Mills of Nigeria (FMN)",
    "companyId": 1,
    "category": "Pasta, Rice & Grains",
    "categorySlug": "pasta-rice-grains",
    "description": "Whole wheat swallow meal.",
    "detailedDescription": "High in fiber and nutritious. A healthy alternative for swallow lovers.",
    "price": 11150,
    "moq": 6,
    "unit": "Pack",
    "inStock": true,
    "quantity": 130,
    "images": [
      "https://i.ibb.co/mnhsCwf/Goldenpenny-wheatmeal-goldenvita.jpg"
    ],
    "specifications": {
      "brand": "Golden Penny",
      "company": "Flour Mills of Nigeria (FMN)",
      "unit": "2kg",
      "moq": 6,
      "sku": "GP-23-WHEAT",
      "size": "2kg"
    },
    "tags": [
      "swallow",
      "wheat",
      "healthy"
    ],
    "isActive": true,
    "isFeatured": false
  },
  {
    "id": 24,
    "sku": "GP-24-CONF-FLOUR",
    "name": "Golden Penny Confectionary Flour (50kg)",
    "slug": "golden-penny-confectionary-flour-50kg",
    "brand": "Golden Penny",
    "brandId": 2,
    "company": "Flour Mills of Nigeria (FMN)",
    "companyId": 1,
    "category": "Baking & Confectionery",
    "categorySlug": "baking-confectionery",
    "description": "Specialized flour for confectionaries.",
    "detailedDescription": "Formulated specifically for cakes, biscuits, and delicate pastries.",
    "price": 55000,
    "moq": 1,
    "unit": "Bag",
    "inStock": true,
    "quantity": 40,
    "images": [
      "https://i.ibb.co/qYW7KnkJ/Golden-Penny-Confectionary-Flour-50kg.jpg"
    ],
    "specifications": {
      "brand": "Golden Penny",
      "company": "Flour Mills of Nigeria (FMN)",
      "unit": "50kg",
      "moq": 1,
      "sku": "GP-24-CONF-FLOUR",
      "size": "50kg"
    },
    "tags": [
      "flour",
      "baking",
      "commercial"
    ],
    "isActive": true,
    "isFeatured": false
  },
  {
    "id": 25,
    "sku": "GP-25-CUBES",
    "name": "Golden Penny Cube Sugar",
    "slug": "golden-penny-cube-sugar",
    "brand": "Golden Penny",
    "brandId": 2,
    "company": "Flour Mills of Nigeria (FMN)",
    "companyId": 1,
    "category": "Baking & Confectionery",
    "categorySlug": "baking-confectionery",
    "description": "Premium white cube sugar.",
    "detailedDescription": "Quick dissolving cubes for tea, coffee, and pap.",
    "price": 1200,
    "moq": 10,
    "unit": "Box",
    "inStock": true,
    "quantity": 220,
    "images": [
      "https://i.ibb.co/6RSXZNwQ/Golden-Penny-Cube-Sugar.jpg"
    ],
    "specifications": {
      "brand": "Golden Penny",
      "company": "Flour Mills of Nigeria (FMN)",
      "unit": "500g",
      "moq": 10,
      "sku": "GP-25-CUBES",
      "size": "500g"
    },
    "tags": [
      "sugar",
      "cube"
    ],
    "isActive": true,
    "isFeatured": false
  },
  {
    "id": 26,
    "sku": "GP-26-GARRI",
    "name": "Golden Penny Garri",
    "slug": "golden-penny-garri",
    "brand": "Golden Penny",
    "brandId": 2,
    "company": "Flour Mills of Nigeria (FMN)",
    "companyId": 1,
    "category": "Pasta, Rice & Grains",
    "categorySlug": "pasta-rice-grains",
    "description": "Clean, sand-free Cassava flakes.",
    "detailedDescription": "Crunchy and hygienic. Good for drinking or making eba.",
    "price": 15250,
    "moq": 10,
    "unit": "Pack",
    "inStock": true,
    "quantity": 150,
    "images": [
      "https://i.ibb.co/23K3dK5c/Golden-Penny-Garri.jpg"
    ],
    "specifications": {
      "brand": "Golden Penny",
      "company": "Flour Mills of Nigeria (FMN)",
      "unit": "2kg",
      "moq": 10,
      "sku": "GP-26-GARRI",
      "size": "2kg"
    },
    "tags": [
      "garri",
      "cassava",
      "swallow"
    ],
    "isActive": true,
    "isFeatured": false
  },
  {
    "id": 27,
    "sku": "GP-27-SPREAD",
    "name": "Golden Penny Margarine Spread",
    "slug": "golden-penny-spread",
    "brand": "Golden Penny",
    "brandId": 2,
    "company": "Flour Mills of Nigeria (FMN)",
    "companyId": 1,
    "category": "Cooking Oils & Fats",
    "categorySlug": "cooking-oils-fats",
    "description": "Buttery margarine spread.",
    "detailedDescription": "Rich in vitamins, perfect for bread and baking.",
    "price": 18500,
    "moq": 12,
    "unit": "Tub",
    "inStock": true,
    "quantity": 180,
    "images": [
      "https://i.ibb.co/rKRn7jpJ/Golden-Penny-Spread.jpg"
    ],
    "specifications": {
      "brand": "Golden Penny",
      "company": "Flour Mills of Nigeria (FMN)",
      "unit": "250g",
      "moq": 12,
      "sku": "GP-27-SPREAD",
      "size": "250g"
    },
    "tags": [
      "margarine",
      "spread",
      "breakfast"
    ],
    "isActive": true,
    "isFeatured": false
  },
  {
    "id": 28,
    "sku": "HW-28-NOODLES",
    "name": "Honeywell Chicken Noodles",
    "slug": "honeywell-noodles-chicken",
    "brand": "Honeywell",
    "brandId": 32,
    "company": "Honeywell Flour Mills",
    "companyId": 22,
    "category": "Pasta, Rice & Grains",
    "categorySlug": "pasta-rice-grains",
    "description": "Delicious chicken flavored noodles.",
    "detailedDescription": "Bambam la la! A classic Nigerian noodle choice.",
    "price": 7350,
    "moq": 40,
    "unit": "Pack",
    "inStock": true,
    "quantity": 400,
    "images": [
      "https://i.ibb.co/Qvz6mNSc/Honeywell-Noodles-Chicken.png",
      "https://i.ibb.co/v68MNnmB/Honeywell-noodles-chicken.webp"
    ],
    "specifications": {
      "brand": "Honeywell",
      "company": "Honeywell Flour Mills",
      "unit": "70g",
      "moq": 40,
      "sku": "HW-28-NOODLES",
      "size": "70g"
    },
    "tags": [
      "noodles",
      "instant"
    ],
    "isActive": true,
    "isFeatured": false
  },
  {
    "id": 29,
    "sku": "HW-29-SEMO",
    "name": "Honeywell Semolina",
    "slug": "honeywell-semo",
    "brand": "Honeywell",
    "brandId": 32,
    "company": "Honeywell Flour Mills",
    "companyId": 22,
    "category": "Pasta, Rice & Grains",
    "categorySlug": "pasta-rice-grains",
    "description": "Fine quality semolina.",
    "detailedDescription": "Smooth texture, perfect for moulding into balls for soup.",
    "price": 14500,
    "moq": 6,
    "unit": "Pack",
    "inStock": true,
    "quantity": 120,
    "images": [
      "https://i.ibb.co/SwcJFm7d/Honeywell-semo.webp"
    ],
    "specifications": {
      "brand": "Honeywell",
      "company": "Honeywell Flour Mills",
      "unit": "2kg",
      "moq": 6,
      "sku": "HW-29-SEMO",
      "size": "2kg"
    },
    "tags": [
      "swallow",
      "semo"
    ],
    "isActive": true,
    "isFeatured": false
  },
  {
    "id": 30,
    "sku": "HW-30-SLIM",
    "name": "Honeywell Slim Spaghetti",
    "slug": "honeywell-slim-spaghetti",
    "brand": "Honeywell",
    "brandId": 32,
    "company": "Honeywell Flour Mills",
    "companyId": 22,
    "category": "Pasta, Rice & Grains",
    "categorySlug": "pasta-rice-grains",
    "description": "Thin strand spaghetti.",
    "detailedDescription": "Cooks faster than regular spaghetti, great taste.",
    "price": 14450,
    "moq": 20,
    "unit": "Pack",
    "inStock": true,
    "quantity": 200,
    "images": [
      "https://i.ibb.co/Mk1dRSnw/Honeywell-Slim-Spaghetti.webp"
    ],
    "specifications": {
      "brand": "Honeywell",
      "company": "Honeywell Flour Mills",
      "unit": "500g",
      "moq": 20,
      "sku": "HW-30-SLIM",
      "size": "500g"
    },
    "tags": [
      "pasta",
      "spaghetti",
      "slim"
    ],
    "isActive": true,
    "isFeatured": false
  },
  {
    "id": 31,
    "sku": "HW-31-SPAG",
    "name": "Honeywell Spaghetti",
    "slug": "honeywell-spaghetti",
    "brand": "Honeywell",
    "brandId": 32,
    "company": "Honeywell Flour Mills",
    "companyId": 22,
    "category": "Pasta, Rice & Grains",
    "categorySlug": "pasta-rice-grains",
    "description": "Regular strand spaghetti.",
    "detailedDescription": "Firm strands that do not stick together.",
    "price": 14450,
    "moq": 20,
    "unit": "Pack",
    "inStock": true,
    "quantity": 200,
    "images": [
      "https://i.ibb.co/JRH99jTv/Honeywell-Spaghetti.webp"
    ],
    "specifications": {
      "brand": "Honeywell",
      "company": "Honeywell Flour Mills",
      "unit": "500g",
      "moq": 20,
      "sku": "HW-31-SPAG",
      "size": "500g"
    },
    "tags": [
      "pasta",
      "spaghetti"
    ],
    "isActive": true,
    "isFeatured": false
  },
  {
    "id": 32,
    "sku": "HW-32-CAVATTO",
    "name": "Honeywell Cavatto Macaroni",
    "slug": "honeywell-cavatto",
    "brand": "Honeywell",
    "brandId": 32,
    "company": "Honeywell Flour Mills",
    "companyId": 22,
    "category": "Pasta, Rice & Grains",
    "categorySlug": "pasta-rice-grains",
    "description": "Curved macaroni shells.",
    "detailedDescription": "Designed to hold sauce perfectly in every bite.",
    "price": 13700,
    "moq": 20,
    "unit": "Pack",
    "inStock": true,
    "quantity": 150,
    "images": [
      "https://i.ibb.co/d02CzXLp/Honeywell-cavatto.webp"
    ],
    "specifications": {
      "brand": "Honeywell",
      "company": "Honeywell Flour Mills",
      "unit": "200g",
      "moq": 20,
      "sku": "HW-32-CAVATTO",
      "size": "200g"
    },
    "tags": [
      "pasta",
      "macaroni"
    ],
    "isActive": true,
    "isFeatured": false
  },
  {
    "id": 33,
    "sku": "IND-33-CHICKEN",
    "name": "Indomie Chicken Noodles (70g)",
    "slug": "indomie-chicken-noodles-70g",
    "brand": "Indomie",
    "brandId": 20,
    "company": "Tolaram Group",
    "companyId": 15,
    "category": "Pasta, Rice & Grains",
    "categorySlug": "pasta-rice-grains",
    "description": "The classic Indomie chicken taste.",
    "detailedDescription": "Quick and easy-to-prepare instant noodles. A staple in Nigerian households.",
    "price": 9260,
    "moq": 40,
    "unit": "Pack",
    "inStock": true,
    "quantity": 800,
    "images": [
      "https://i.ibb.co/DHrY3r6D/Indomie-Chicken-Noodles-70g.png"
    ],
    "specifications": {
      "brand": "Indomie",
      "company": "Tolaram Group",
      "unit": "70g",
      "moq": 40,
      "sku": "IND-33-CHICKEN",
      "size": "70g"
    },
    "tags": [
      "noodles",
      "instant",
      "featured"
    ],
    "isActive": true,
    "isFeatured": true
  },
  {
    "id": 34,
    "sku": "IND-34-BELLEFUL",
    "name": "Indomie Belleful Noodles",
    "slug": "indomie-belleful-noodles",
    "brand": "Indomie",
    "brandId": 20,
    "company": "Tolaram Group",
    "companyId": 15,
    "category": "Pasta, Rice & Grains",
    "categorySlug": "pasta-rice-grains",
    "description": "Extra large pack for heavy eaters.",
    "detailedDescription": "More noodles, more spices, guaranteed to fill you up.",
    "price": 13400,
    "moq": 16,
    "unit": "Pack",
    "inStock": true,
    "quantity": 200,
    "images": [
      "https://i.ibb.co/35pBDwmp/Indomie-Belleful-Noodles.png"
    ],
    "specifications": {
      "brand": "Indomie",
      "company": "Tolaram Group",
      "unit": "280g",
      "moq": 16,
      "sku": "IND-34-BELLEFUL",
      "size": "280g"
    },
    "tags": [
      "noodles",
      "giant",
      "bulk"
    ],
    "isActive": true,
    "isFeatured": false
  },
  {
    "id": 35,
    "sku": "IND-35-HUNGRYMAN",
    "name": "Indomie Chicken Hungryman",
    "slug": "indomie-chicken-hungryman-noodles",
    "brand": "Indomie",
    "brandId": 20,
    "company": "Tolaram Group",
    "companyId": 15,
    "category": "Pasta, Rice & Grains",
    "categorySlug": "pasta-rice-grains",
    "description": "Hungryman size chicken noodles.",
    "detailedDescription": "The perfect size for a satisfying meal.",
    "price": 13100,
    "moq": 24,
    "unit": "Pack",
    "inStock": true,
    "quantity": 300,
    "images": [
      "https://i.ibb.co/chtwWQzx/Indomie-Chicken-Hungryman-Noodles.png"
    ],
    "specifications": {
      "brand": "Indomie",
      "company": "Tolaram Group",
      "unit": "180g",
      "moq": 24,
      "sku": "IND-35-HUNGRYMAN",
      "size": "180g"
    },
    "tags": [
      "noodles",
      "hungryman"
    ],
    "isActive": true,
    "isFeatured": true
  },
  {
    "id": 36,
    "sku": "IND-36-ONION",
    "name": "Indomie Onion Chicken Noodles",
    "slug": "indomie-onion-chicken-noodles-70g",
    "brand": "Indomie",
    "brandId": 20,
    "company": "Tolaram Group",
    "companyId": 15,
    "category": "Pasta, Rice & Grains",
    "categorySlug": "pasta-rice-grains",
    "description": "Onion infused chicken flavor.",
    "detailedDescription": "Aromatic and tasty, with a distinct onion kick.",
    "price": 10120,
    "moq": 40,
    "unit": "Pack",
    "inStock": true,
    "quantity": 400,
    "images": [
      "https://i.ibb.co/qq0dGGT/Indomie-Onion-Chicken-noodles-70g.png"
    ],
    "specifications": {
      "brand": "Indomie",
      "company": "Tolaram Group",
      "unit": "70g",
      "moq": 40,
      "sku": "IND-36-ONION",
      "size": "70g"
    },
    "tags": [
      "noodles",
      "onion"
    ],
    "isActive": true,
    "isFeatured": false
  },
  {
    "id": 37,
    "sku": "IND-37-SUPER",
    "name": "Indomie Super Pack",
    "slug": "indomie-super-pack-noodles",
    "brand": "Indomie",
    "brandId": 20,
    "company": "Tolaram Group",
    "companyId": 15,
    "category": "Pasta, Rice & Grains",
    "categorySlug": "pasta-rice-grains",
    "description": "Super pack for a bigger appetite.",
    "detailedDescription": "Slightly larger than the standard pack for those who need a bit more.",
    "price": 14400,
    "moq": 40,
    "unit": "Pack",
    "inStock": true,
    "quantity": 500,
    "images": [
      "https://i.ibb.co/9HhJLqcy/Indomie-Super-pack-noodles.png"
    ],
    "specifications": {
      "brand": "Indomie",
      "company": "Tolaram Group",
      "unit": "120g",
      "moq": 40,
      "sku": "IND-37-SUPER",
      "size": "120g"
    },
    "tags": [
      "noodles",
      "super"
    ],
    "isActive": true,
    "isFeatured": false
  },
  {
    "id": 38,
    "sku": "IRS-38-FLOUR",
    "name": "IRS Flour (50kg)",
    "slug": "irs-flour-50kg",
    "brand": "IRS",
    "brandId": 33,
    "company": "BUA Foods",
    "companyId": 2,
    "category": "Baking & Confectionery",
    "categorySlug": "baking-confectionery",
    "description": "Quality baking flour.",
    "detailedDescription": "Reliable flour for commercial baking needs.",
    "price": 56000,
    "moq": 1,
    "unit": "Bag",
    "inStock": true,
    "quantity": 20,
    "images": [
      "https://i.ibb.co/3mkWJjHg/IRS-Flour-50kg.png"
    ],
    "specifications": {
      "brand": "IRS",
      "company": "IRS Foods",
      "unit": "50kg",
      "moq": 1,
      "sku": "IRS-38-FLOUR",
      "size": "50kg"
    },
    "tags": [
      "flour",
      "baking"
    ],
    "isActive": true,
    "isFeatured": false
  },
  {
    "id": 39,
    "sku": "IRS-39-PASTA-SLIM",
    "name": "IRS Pasta Slim",
    "slug": "irs-pasta-slim",
    "brand": "IRS",
    "brandId": 33,
    "company": "BUA Foods",
    "companyId": 2,
    "category": "Pasta, Rice & Grains",
    "categorySlug": "pasta-rice-grains",
    "description": "Slim pasta strands.",
    "detailedDescription": "Fine pasta for delicate dishes.",
    "price": 12900,
    "moq": 20,
    "unit": "Pack",
    "inStock": true,
    "quantity": 100,
    "images": [
      "https://i.ibb.co/Q3DnxFHc/IRS-Pasta-Slim.png",
      "https://i.ibb.co/qL23c1xZ/IRS-Slim-Spaghetti.png"
    ],
    "specifications": {
      "brand": "IRS",
      "company": "IRS Foods",
      "unit": "500g",
      "moq": 20,
      "sku": "IRS-39-PASTA-SLIM",
      "size": "500g"
    },
    "tags": [
      "pasta",
      "spaghetti"
    ],
    "isActive": true,
    "isFeatured": false
  },
  {
    "id": 40,
    "sku": "KINGS-40-OIL-2L",
    "name": "Kings Vegetable Oil (2L)",
    "slug": "kings-vegetable-oil-2l",
    "brand": "Kings",
    "brandId": 15,
    "company": "PZ Wilmar",
    "companyId": 7,
    "category": "Cooking Oils & Fats",
    "categorySlug": "cooking-oils-fats",
    "description": "Premium quality cooking oil.",
    "detailedDescription": "A popular, heart-friendly vegetable oil. Suitable for all types of cooking and deep frying.",
    "price": 44500,
    "moq": 6,
    "unit": "Bottle",
    "inStock": true,
    "quantity": 120,
    "images": [
      "https://i.ibb.co/8D3pxNrd/kings-oil-2-L.webp"
    ],
    "specifications": {
      "brand": "Kings",
      "company": "PZ Wilmar",
      "unit": "2L",
      "moq": 6,
      "sku": "KINGS-40-OIL-2L",
      "size": "2L"
    },
    "tags": [
      "oil",
      "vegetable",
      "pz"
    ],
    "isActive": true,
    "isFeatured": true
  },
  {
    "id": 41,
    "sku": "KINGS-41-OIL-1L",
    "name": "Kings Vegetable Oil (1L)",
    "slug": "kings-vegetable-oil-1l",
    "brand": "Kings",
    "brandId": 15,
    "company": "PZ Wilmar",
    "companyId": 7,
    "category": "Cooking Oils & Fats",
    "categorySlug": "cooking-oils-fats",
    "description": "Single liter cooking oil.",
    "detailedDescription": "Compact size for everyday cooking needs. Premium quality heart-friendly vegetable oil.",
    "price": 1500,
    "moq": 12,
    "unit": "Bottle",
    "inStock": true,
    "quantity": 200,
    "images": [
      "https://i.ibb.co/yFyVnQ3R/kings1L.webp"
    ],
    "specifications": {
      "brand": "Kings",
      "company": "PZ Wilmar",
      "unit": "1L",
      "moq": 12,
      "sku": "KINGS-41-OIL-1L",
      "size": "1L"
    },
    "tags": [
      "oil",
      "vegetable"
    ],
    "isActive": true,
    "isFeatured": false
  },
  {
    "id": 42,
    "sku": "KINGS-42-OIL-5L",
    "name": "Kings Vegetable Oil (5L)",
    "slug": "kings-vegetable-oil-5l",
    "brand": "Kings",
    "brandId": 15,
    "company": "PZ Wilmar",
    "companyId": 7,
    "category": "Cooking Oils & Fats",
    "categorySlug": "cooking-oils-fats",
    "description": "Large size family cooking oil.",
    "detailedDescription": "Economical 5-liter size for larger families and frequent cooking. Premium quality.",
    "price": 64500,
    "moq": 3,
    "unit": "Bottle",
    "inStock": true,
    "quantity": 60,
    "images": [
      "https://i.ibb.co/d4vW2KL3/kings-oil1-5-L.webp"
    ],
    "specifications": {
      "brand": "Kings",
      "company": "PZ Wilmar",
      "unit": "5L",
      "moq": 3,
      "sku": "KINGS-42-OIL-5L",
      "size": "5L"
    },
    "tags": [
      "oil",
      "bulk",
      "family-size"
    ],
    "isActive": true,
    "isFeatured": false
  },
  {
    "id": 43,
    "sku": "KINGS-43-OIL-10L",
    "name": "Kings Vegetable Oil (10L)",
    "slug": "kings-vegetable-oil-10l",
    "brand": "Kings",
    "brandId": 15,
    "company": "PZ Wilmar",
    "companyId": 7,
    "category": "Cooking Oils & Fats",
    "categorySlug": "cooking-oils-fats",
    "description": "Commercial size cooking oil.",
    "detailedDescription": "Large 10-liter size perfect for commercial kitchens, restaurants, and bulk buyers.",
    "price": 12000,
    "moq": 2,
    "unit": "Bottle",
    "inStock": true,
    "quantity": 40,
    "images": [
      "https://i.ibb.co/hR8r3hsm/kings-oil10-L.webp"
    ],
    "specifications": {
      "brand": "Kings",
      "company": "PZ Wilmar",
      "unit": "10L",
      "moq": 2,
      "sku": "KINGS-43-OIL-10L",
      "size": "10L"
    },
    "tags": [
      "oil",
      "commercial",
      "bulk"
    ],
    "isActive": true,
    "isFeatured": false
  },
  {
    "id": 44,
    "sku": "KINGS-44-MARGARINE",
    "name": "Kings Cooking Margarine (250g)",
    "slug": "kings-cooking-margarine-250g",
    "brand": "Kings",
    "brandId": 15,
    "company": "PZ Wilmar",
    "companyId": 7,
    "category": "Cooking Oils & Fats",
    "categorySlug": "cooking-oils-fats",
    "description": "Premium cooking margarine.",
    "detailedDescription": "High quality margarine perfect for baking, cooking, and spreading. Rich and creamy texture.",
    "price": 1200,
    "moq": 12,
    "unit": "Pack",
    "inStock": true,
    "quantity": 150,
    "images": [
      "https://i.ibb.co/MxXhhZY3/Kings-Cooking-Margarine-250g.png"
    ],
    "specifications": {
      "brand": "Kings",
      "company": "PZ Wilmar",
      "unit": "250g",
      "moq": 12,
      "sku": "KINGS-44-MARGARINE",
      "size": "250g"
    },
    "tags": [
      "margarine",
      "spread",
      "baking"
    ],
    "isActive": true,
    "isFeatured": false
  },
  {
    "id": 45,
    "sku": "LAZIZ-45-CHOCO",
    "name": "Laziz Chocolate Drink",
    "slug": "laziz-chocolate-drink",
    "brand": "Laziz",
    "brandId": 34,
    "company": "Laziz",
    "companyId": 24,
    "category": "Beverages & Mixes",
    "categorySlug": "snacks-beverages",
    "description": "Instant chocolate malt drink.",
    "detailedDescription": "Rich chocolate flavor, dissolves easily in hot or cold water.",
    "price": 15200,
    "moq": 12,
    "unit": "Pouch",
    "inStock": true,
    "quantity": 80,
    "images": [
      "https://i.ibb.co/nqS8nkXc/Laziz-Chocolate-Drink.jpg"
    ],
    "specifications": {
      "brand": "Laziz",
      "company": "Laziz",
      "unit": "500g",
      "moq": 12,
      "sku": "LAZIZ-45-CHOCO",
      "size": "500g"
    },
    "tags": [
      "beverage",
      "chocolate",
      "cocoa"
    ],
    "isActive": true,
    "isFeatured": false
  },
  {
    "id": 70,
    "sku": "LAZIZ-51-OIL",
    "name": "Laziz Cooking Oil (2L)",
    "slug": "laziz-cooking-oil-2l",
    "brand": "Laziz",
    "brandId": 34,
    "company": "Laziz",
    "companyId": 24,
    "category": "Cooking Oils & Fats",
    "categorySlug": "cooking-oils-fats",
    "description": "Premium cooking oil.",
    "detailedDescription": "High-quality cooking oil suitable for all culinary needs.",
    "price": 2500,
    "moq": 6,
    "unit": "Bottle",
    "inStock": true,
    "quantity": 100,
    "images": [
      "https://i.ibb.co/rJwkr8c/Laziz-oils.jpg"
    ],
    "specifications": {
      "brand": "Laziz",
      "company": "Laziz",
      "unit": "2L",
      "moq": 6,
      "sku": "LAZIZ-51-OIL",
      "size": "2L"
    },
    "tags": [
      "oil",
      "cooking"
    ],
    "isActive": true,
    "isFeatured": false
  },
  {
    "id": 46,
    "sku": "MAMADOR-46-OIL",
    "name": "Mamador Cooking Oil",
    "slug": "mamador-cooking-oil",
    "brand": "Mamador",
    "brandId": 16,
    "company": "PZ Wilmar",
    "companyId": 7,
    "category": "Cooking Oils & Fats",
    "categorySlug": "cooking-oils-fats",
    "description": "Cholesterol-free cooking oil.",
    "detailedDescription": "A healthy choice, fortified with essential vitamins. Known for retaining its natural flavor during cooking.",
    "price": 2650,
    "moq": 6,
    "unit": "Bottle",
    "inStock": true,
    "quantity": 110,
    "images": [
      "https://i.ibb.co/VY7f7rk9/mamador-oil.png"
    ],
    "specifications": {
      "brand": "Mamador",
      "company": "PZ Wilmar",
      "unit": "2L",
      "moq": 6,
      "sku": "MAMADOR-46-OIL",
      "size": "2L"
    },
    "tags": [
      "oil",
      "cholesterol-free",
      "featured"
    ],
    "isActive": true,
    "isFeatured": true
  },
  {
    "id": 47,
    "sku": "MAMADOR-47-CUBE",
    "name": "Mamador Chicken Seasoning Cube",
    "slug": "mamador-seasoning-chickencube",
    "brand": "Mamador",
    "brandId": 16,
    "company": "PZ Wilmar",
    "companyId": 7,
    "category": "Seasonings & Flavor",
    "categorySlug": "spices-sauces-condiments",
    "description": "Tasty chicken seasoning cubes.",
    "detailedDescription": "Enhances the taste of soups and stews with rich chicken flavor.",
    "price": 800,
    "moq": 20,
    "unit": "Pack",
    "inStock": true,
    "quantity": 300,
    "images": [
      "https://i.ibb.co/yFvPgrxZ/mamador-seasoning-chickencube-2.png",
      "https://i.ibb.co/1tgXWP3r/mamador-seasoning-chickencube.png"
    ],
    "specifications": {
      "brand": "Mamador",
      "company": "PZ Wilmar",
      "unit": "Pack",
      "moq": 20,
      "sku": "MAMADOR-47-CUBE"
    },
    "tags": [
      "seasoning",
      "cube",
      "chicken"
    ],
    "isActive": true,
    "isFeatured": false
  },
  {
    "id": 48,
    "sku": "MAMADOR-48-SPREAD",
    "name": "Mamador Spread",
    "slug": "mamador-spread",
    "brand": "Mamador",
    "brandId": 16,
    "company": "PZ Wilmar",
    "companyId": 7,
    "category": "Cooking Oils & Fats",
    "categorySlug": "cooking-oils-fats",
    "description": "Creamy low-fat spread.",
    "detailedDescription": "Smooth and spreadable directly from the fridge. Great for sandwiches.",
    "price": 950,
    "moq": 12,
    "unit": "Tub",
    "inStock": true,
    "quantity": 90,
    "images": [
      "https://i.ibb.co/1GbP1Bg4/mamador-spread.png"
    ],
    "specifications": {
      "brand": "Mamador",
      "company": "PZ Wilmar",
      "unit": "250g",
      "moq": 12,
      "sku": "MAMADOR-48-SPREAD",
      "size": "250g"
    },
    "tags": [
      "spread",
      "margarine"
    ],
    "isActive": true,
    "isFeatured": false
  },
  {
    "id": 49,
    "sku": "MG-49-FLOUR",
    "name": "Mama Gold Flour (50kg)",
    "slug": "mama-gold-flour-50kg",
    "brand": "Mamagold",
    "brandId": 7,
    "company": "Crown Flour Mills",
    "companyId": 3,
    "category": "Baking & Confectionery",
    "categorySlug": "baking-confectionery",
    "description": "Premium baker's flour.",
    "detailedDescription": "High water absorption and excellent oven spring.",
    "price": 64000,
    "moq": 1,
    "unit": "Bag",
    "inStock": true,
    "quantity": 40,
    "images": [
      "https://i.ibb.co/PZ9gxtMB/Mama-Gold-Flour-50kg.webp"
    ],
    "specifications": {
      "brand": "Mamagold",
      "company": "Crown Flour Mills",
      "unit": "50kg",
      "moq": 1,
      "sku": "MG-49-FLOUR",
      "size": "50kg"
    },
    "tags": [
      "flour",
      "baking"
    ],
    "isActive": true,
    "isFeatured": false
  },
  {
    "id": 73,
    "sku": "MIMEE-50-NOODLES",
    "name": "Mimee Noodles",
    "slug": "mimee-noodles",
    "brand": "Mimee",
    "brandId": 36,
    "company": "Dufil Prima Foods",
    "companyId": 25,
    "category": "Pasta, Rice & Grains",
    "categorySlug": "pasta-rice-grains",
    "description": "Instant noodles with unique spice blend.",
    "detailedDescription": "Boom sha sha! Tasty noodles for a quick fix.",
    "price": 240,
    "moq": 40,
    "unit": "Pack",
    "inStock": true,
    "quantity": 200,
    "images": [
      "https://i.ibb.co/60jkmq0r/MIMEE-NOODLES.png"
    ],
    "specifications": {
      "brand": "Mimee",
      "company": "Dufil Prima Foods",
      "unit": "70g",
      "moq": 40,
      "sku": "MIMEE-46-NOODLES",
      "size": "70g"
    },
    "tags": [
      "noodles",
      "instant"
    ],
    "isActive": true,
    "isFeatured": false
  },
  {
    "id": 72,
    "sku": "MINIMIE-51-CHINCHIN",
    "name": "Minimie Chinchin Sachet",
    "slug": "minimie-chinchin-sachet",
    "brand": "Minimie",
    "brandId": 37,
    "company": "Tolaram Group",
    "companyId": 15,
    "category": "Beverages & Mixes",
    "categorySlug": "snacks-beverages",
    "description": "Crunchy chin-chin snack.",
    "detailedDescription": "Hygienically packed crunchy goodness. Perfect for lunchboxes.",
    "price": 15750,
    "moq": 50,
    "unit": "Sachet",
    "inStock": true,
    "quantity": 600,
    "images": [
      "https://i.ibb.co/zWzSGztZ/Minimie-Chinchin-Sachet.png"
    ],
    "specifications": {
      "brand": "Minimie",
      "company": "Tolaram Group",
      "unit": "Sachet",
      "moq": 50,
      "sku": "MINIMIE-47-CHINCHIN"
    },
    "tags": [
      "snack",
      "chinchin"
    ],
    "isActive": true,
    "isFeatured": false
  },
  {
    "id": 71,
    "sku": "MRCHEF-48-SALT",
    "name": "Mr Chef Salt (500g)",
    "slug": "mrchef-salt-500g",
    "brand": "Mr Chef",
    "brandId": 38,
    "company": "Sweet Nutrition",
    "companyId": 26,
    "category": "Seasonings & Flavor",
    "categorySlug": "spices-sauces-condiments",
    "description": "Iodized cooking salt.",
    "detailedDescription": "High quality iodized salt for healthy cooking.",
    "price": 30000,
    "moq": 20,
    "unit": "Pack",
    "inStock": true,
    "quantity": 400,
    "images": [
      "https://i.ibb.co/Gf8Vd2mf/mrchef-salt-500g.png"
    ],
    "specifications": {
      "brand": "Mr Chef",
      "company": "Sweet Nutrition",
      "unit": "500g",
      "moq": 20,
      "sku": "MRCHEF-48-SALT",
      "size": "500g"
    },
    "tags": [
      "salt",
      "seasoning"
    ],
    "isActive": true,
    "isFeatured": false
  },
  {
    "id": 75,
    "sku": "POWER-49-75CL",
    "name": "Power Oil (75cl)",
    "slug": "power-oil-75cl",
    "brand": "Power Oil",
    "brandId": 8,
    "company": "Wilmar International",
    "companyId": 12,
    "category": "Cooking Oils & Fats",
    "categorySlug": "cooking-oils-fats",
    "description": "Healthy cooking oil, zero cholesterol.",
    "detailedDescription": "One of the market leaders in healthy cooking oil. High in Omega 6 & 9.",
    "price": 35500,
    "moq": 12,
    "unit": "Bottle",
    "inStock": true,
    "quantity": 250,
    "images": [
      "https://i.ibb.co/KkYY49Q/power-oil-75cl.png"
    ],
    "specifications": {
      "brand": "Power Oil",
      "company": "Wilmar International",
      "unit": "75cl",
      "moq": 12,
      "sku": "POWER-49-75CL",
      "size": "75cl"
    },
    "tags": [
      "oil",
      "healthy"
    ],
    "isActive": true,
    "isFeatured": true
  },
  {
    "id": 76,
    "sku": "POWER-50-1.5L",
    "name": "Power Oil (1.5L)",
    "slug": "power-oil-1.5l",
    "brand": "Power Oil",
    "brandId": 8,
    "company": "Wilmar International",
    "companyId": 12,
    "category": "Cooking Oils & Fats",
    "categorySlug": "cooking-oils-fats",
    "description": "Medium size healthy cooking oil.",
    "detailedDescription": "Zero cholesterol, healthy heart cooking oil in a sturdy bottle.",
    "price": 44500,
    "moq": 6,
    "unit": "Bottle",
    "inStock": true,
    "quantity": 150,
    "images": [
      "https://i.ibb.co/B2BcXLkv/power-oil-1-5-L.png"
    ],
    "specifications": {
      "brand": "Power Oil",
      "company": "Wilmar International",
      "unit": "1.5L",
      "moq": 6,
      "sku": "POWER-50-1.5L",
      "size": "1.5L"
    },
    "tags": [
      "oil",
      "healthy"
    ],
    "isActive": true,
    "isFeatured": false
  },
  {
    "id": 77,
    "sku": "POWER-51-2.6L",
    "name": "Power Oil (2.6L)",
    "slug": "power-oil-2.6l",
    "brand": "Power Oil",
    "brandId": 8,
    "company": "Wilmar International",
    "companyId": 12,
    "category": "Cooking Oils & Fats",
    "categorySlug": "cooking-oils-fats",
    "description": "Large size family cooking oil.",
    "detailedDescription": "Economical size for larger families. Pure vegetable oil.",
    "price": 76000,
    "moq": 4,
    "unit": "Bottle",
    "inStock": true,
    "quantity": 80,
    "images": [
      "https://i.ibb.co/X1xCnQY/power-oil-2-6-L.png"
    ],
    "specifications": {
      "brand": "Power Oil",
      "company": "Wilmar International",
      "unit": "2.6L",
      "moq": 4,
      "sku": "POWER-51-2.6L",
      "size": "2.6L"
    },
    "tags": [
      "oil",
      "family-size"
    ],
    "isActive": true,
    "isFeatured": false
  },
  {
    "id": 78,
    "sku": "POWER-52-150ML",
    "name": "Power Oil (150ml)",
    "slug": "power-oil-150ml",
    "brand": "Power Oil",
    "brandId": 8,
    "company": "Wilmar International",
    "companyId": 12,
    "category": "Cooking Oils & Fats",
    "categorySlug": "cooking-oils-fats",
    "description": "Small convenient oil bottle.",
    "detailedDescription": "Portable and affordable. Good for small scale cooking.",
    "price": 16700,
    "moq": 24,
    "unit": "Bottle",
    "inStock": true,
    "quantity": 300,
    "images": [
      "https://i.ibb.co/Dsw1VLb/power-oil-150ml.png",
      "https://i.ibb.co/LXykxK5t/poweroil-150ml-1.png"
    ],
    "specifications": {
      "brand": "Power Oil",
      "company": "Wilmar International",
      "unit": "150ml",
      "moq": 24,
      "sku": "POWER-52-150ML",
      "size": "150ml"
    },
    "tags": [
      "oil",
      "small"
    ],
    "isActive": true,
    "isFeatured": false
  },
  {
    "id": 53,
    "sku": "SONIA-53-TOM-210",
    "name": "Sonia Tomato Paste (210g)",
    "slug": "sonia-210g-tomato",
    "brand": "Sonia",
    "brandId": 31,
    "company": "Sonia Foods",
    "companyId": 21,
    "category": "Seasonings & Flavor",
    "categorySlug": "spices-sauces-condiments",
    "description": "Rich red tomato paste.",
    "detailedDescription": "Thick and natural tomato paste for Jollof rice and stews.",
    "price": 29900,
    "moq": 24,
    "unit": "Tin",
    "inStock": true,
    "quantity": 200,
    "images": [
      "https://i.ibb.co/jZ4cWQ6V/Sonia-210g-tomato.jpg"
    ],
    "specifications": {
      "brand": "Sonia",
      "company": "Sonia Foods",
      "unit": "210g",
      "moq": 24,
      "sku": "SONIA-53-TOM-210",
      "size": "210g"
    },
    "tags": [
      "tomato",
      "paste",
      "tin"
    ],
    "isActive": true,
    "isFeatured": false
  },
  {
    "id": 54,
    "sku": "SONIA-54-TOM-400",
    "name": "Sonia Tomato Paste (400g)",
    "slug": "sonia-tomato-400g",
    "brand": "Sonia",
    "brandId": 31,
    "company": "Sonia Foods",
    "companyId": 21,
    "category": "SSeasonings & Flavor",
    "categorySlug": "spices-sauces-condiments",
    "description": "Large tin tomato paste.",
    "detailedDescription": "Family size tin. 100% natural ingredients.",
    "price": 25200,
    "moq": 12,
    "unit": "Tin",
    "inStock": true,
    "quantity": 150,
    "images": [
      "https://i.ibb.co/wNZRzWsK/Sonia-tomato-400g.jpg"
    ],
    "specifications": {
      "brand": "Sonia",
      "company": "Sonia Foods",
      "unit": "400g",
      "moq": 12,
      "sku": "SONIA-54-TOM-400",
      "size": "400g"
    },
    "tags": [
      "tomato",
      "paste",
      "tin"
    ],
    "isActive": true,
    "isFeatured": false
  },
  {
    "id": 56,
    "sku": "SONIA-56-TOM-SACHET",
    "name": "Sonia Tomato Sachet (70g)",
    "slug": "sonia-70g-tomato-sachet",
    "brand": "Sonia",
    "brandId": 31,
    "company": "Sonia Foods",
    "companyId": 21,
    "category": "Seasonings & Flavor",
    "categorySlug": "spices-sauces-condiments",
    "description": "Sachet tomato paste.",
    "detailedDescription": "Single use sachet for pot-sized cooking.",
    "price": 7200,
    "moq": 50,
    "unit": "Sachet",
    "inStock": true,
    "quantity": 500,
    "images": [
      "https://i.ibb.co/j9kyLGch/Sonia-70g-tomato-Sachet.jpg"
    ],
    "specifications": {
      "brand": "Sonia",
      "company": "Sonia Foods",
      "unit": "70g",
      "moq": 50,
      "sku": "SONIA-56-TOM-SACHET",
      "size": "70g"
    },
    "tags": [
      "tomato",
      "sachet"
    ],
    "isActive": true,
    "isFeatured": false
  },
  {
    "id": 57,
    "sku": "SONIA-57-TOM-2.2",
    "name": "Sonia Tomato Paste (2.2kg)",
    "slug": "sonia-tomato-2.2",
    "brand": "Sonia",
    "brandId": 31,
    "company": "Sonia Foods",
    "companyId": 21,
    "category": "Seasonings & Flavor",
    "categorySlug": "spices-sauces-condiments",
    "description": "Industrial size tomato paste.",
    "detailedDescription": "Large 2.2kg tin for large families or catering.",
    "price": 30200,
    "moq": 3,
    "unit": "Tin",
    "inStock": true,
    "quantity": 40,
    "images": [
      "https://i.ibb.co/21YmbQSc/Sonia-tomato-2-2.jpg"
    ],
    "specifications": {
      "brand": "Sonia",
      "company": "Sonia Foods",
      "unit": "2.2kg",
      "moq": 3,
      "sku": "SONIA-57-TOM-2.2",
      "size": "2.2kg"
    },
    "tags": [
      "tomato",
      "bulk"
    ],
    "isActive": true,
    "isFeatured": false
  },
  {
    "id": 58,
    "sku": "TERRA-58-BEEF",
    "name": "Terra Beef Seasoning Cube",
    "slug": "terra-beef-1cube",
    "brand": "Terra",
    "brandId": 30,
    "company": "TGI Group",
    "companyId": 20,
    "category": "Seasonings & Flavor",
    "categorySlug": "spices-sauces-condiments",
    "description": "Beef flavored seasoning cube.",
    "detailedDescription": "Locks in the aroma of beef. Easy to crumble.",
    "price": 5550,
    "moq": 20,
    "unit": "Pack",
    "inStock": true,
    "quantity": 300,
    "images": [
      "https://i.ibb.co/fYSwD5Fq/Terra-beef-1cube.webp"
    ],
    "specifications": {
      "brand": "Terra",
      "company": "TGI Group",
      "unit": "Pack",
      "moq": 20,
      "sku": "TERRA-58-BEEF"
    },
    "tags": [
      "seasoning",
      "beef",
      "cube"
    ],
    "isActive": true,
    "isFeatured": false
  },
  {
    "id": 59,
    "sku": "TERRA-59-CHICKEN",
    "name": "Terra Chicken Seasoning Cube",
    "slug": "terra-chicken-seasoning-1cube",
    "brand": "Terra",
    "brandId": 30,
    "company": "TGI Group",
    "companyId": 20,
    "category": "Seasonings & Flavor",
    "categorySlug": "spices-sauces-condiments",
    "description": "Chicken flavored seasoning cube.",
    "detailedDescription": "Rich chicken taste for your soups.",
    "price": 5550,
    "moq": 20,
    "unit": "Pack",
    "inStock": true,
    "quantity": 300,
    "images": [
      "https://i.ibb.co/Ps6zN7jp/Terra-chicken-seasoning-1cube.webp"
    ],
    "specifications": {
      "brand": "Terra",
      "company": "TGI Group",
      "unit": "Pack",
      "moq": 20,
      "sku": "TERRA-59-CHICKEN"
    },
    "tags": [
      "seasoning",
      "chicken",
      "cube"
    ],
    "isActive": true,
    "isFeatured": false
  },
  {
    "id": 60,
    "sku": "TERRA-60-SHRIMP",
    "name": "Terra Shrimp Seasoning Cube",
    "slug": "terra-shrimp-seasoning-1cube",
    "brand": "Terra",
    "brandId": 30,
    "company": "TGI Group",
    "companyId": 20,
    "category": "Spices, Sauces & Condiments",
    "categorySlug": "spices-sauces-condiments",
    "description": "Shrimp flavored seasoning.",
    "detailedDescription": "For that authentic seafood taste in traditional soups.",
    "price": 550,
    "moq": 20,
    "unit": "Pack",
    "inStock": true,
    "quantity": 200,
    "images": [
      "https://i.ibb.co/B2hQFVSp/Terra-shrimp-seasoning-1cube.webp"
    ],
    "specifications": {
      "brand": "Terra",
      "company": "TGI Group",
      "unit": "Pack",
      "moq": 20,
      "sku": "TERRA-60-SHRIMP"
    },
    "tags": [
      "seasoning",
      "shrimp",
      "seafood"
    ],
    "isActive": true,
    "isFeatured": false
  },
  {
    "id": 61,
    "sku": "TERRA-61-GOLD",
    "name": "Terra Gold Seasoning Cube",
    "slug": "terra-gold-seasoning-1cube",
    "brand": "Terra",
    "brandId": 30,
    "company": "TGI Group",
    "companyId": 20,
    "category": "SSeasonings & Flavor",
    "categorySlug": "spices-sauces-condiments",
    "description": "Premium gold seasoning.",
    "detailedDescription": "Balanced seasoning for versatile cooking.",
    "price": 27800,
    "moq": 20,
    "unit": "Pack",
    "inStock": true,
    "quantity": 250,
    "images": [
      "https://i.ibb.co/KjzBgT4g/Terra-Gold-Seasoning-1cube.webp",
      "https://i.ibb.co/Cs1sC5Q4/Terra-Gold-20-cubes.png",
      "https://i.ibb.co/FbYB9pVg/Terra-Gold-100cubes-Seasoning.png"
    ],
    "specifications": {
      "brand": "Terra",
      "company": "TGI Group",
      "unit": "Pack",
      "moq": 20,
      "sku": "TERRA-61-GOLD"
    },
    "tags": [
      "seasoning",
      "gold"
    ],
    "isActive": true,
    "isFeatured": false
  },
  {
    "id": 62,
    "sku": "TERRA-62-OIL-1.4",
    "name": "Terra Soya Oil (1.4L)",
    "slug": "terra-oil-1.4l",
    "brand": "Terra",
    "brandId": 30,
    "company": "TGI Group",
    "companyId": 20,
    "category": "Cooking Oils & Fats",
    "categorySlug": "cooking-oils-fats",
    "description": "Pure soya bean oil.",
    "detailedDescription": "Heart-friendly oil, does not sleep (freeze) in cold weather.",
    "price": 0,
    "moq": 6,
    "unit": "Bottle",
    "inStock": true,
    "quantity": 120,
    "images": [
      "https://i.ibb.co/8LMKBtJ4/Terra-oil-1-4-L.png"
    ],
    "specifications": {
      "brand": "Terra",
      "company": "TGI Group",
      "unit": "1.4L",
      "moq": 6,
      "sku": "TERRA-62-OIL-1.4",
      "size": "1.4L"
    },
    "tags": [
      "oil",
      "soya"
    ],
    "isActive": true,
    "isFeatured": false
  },
  {
    "id": 63,
    "sku": "TERRA-63-OIL-2.5",
    "name": "Terra Soya Oil (2.5L)",
    "slug": "terra-oil-2.5l",
    "brand": "Terra",
    "brandId": 30,
    "company": "TGI Group",
    "companyId": 20,
    "category": "Cooking Oils & Fats",
    "categorySlug": "cooking-oils-fats",
    "description": "Family size soya oil.",
    "detailedDescription": "Economical and healthy for all frying needs.",
    "price": 3800,
    "moq": 4,
    "unit": "Bottle",
    "inStock": true,
    "quantity": 80,
    "images": [
      "https://i.ibb.co/nMzz084d/terra-oil-2-5-L.png"
    ],
    "specifications": {
      "brand": "Terra",
      "company": "TGI Group",
      "unit": "2.5L",
      "moq": 4,
      "sku": "TERRA-63-OIL-2.5",
      "size": "2.5L"
    },
    "tags": [
      "oil",
      "soya"
    ],
    "isActive": true,
    "isFeatured": false
  },
  {
    "id": 64,
    "sku": "TERRA-64-OIL-25",
    "name": "Terra Soya Oil (25L)",
    "slug": "terra-oil-25l",
    "brand": "Terra",
    "brandId": 30,
    "company": "TGI Group",
    "companyId": 20,
    "category": "Cooking Oils & Fats",
    "categorySlug": "cooking-oils-fats",
    "description": "Industrial jerry can soya oil.",
    "detailedDescription": "Bulk purchase for caterers and large families.",
    "price": 65500,
    "moq": 1,
    "unit": "Jerry Can",
    "inStock": true,
    "quantity": 20,
    "images": [
      "https://i.ibb.co/7dcZWvkr/terra-oil-25-L.png",
      "https://i.ibb.co/VYC7kQ7j/terra-oil-25-Ltr.png"
    ],
    "specifications": {
      "brand": "Terra",
      "company": "TGI Group",
      "unit": "25L",
      "moq": 1,
      "sku": "TERRA-64-OIL-25",
      "size": "25L"
    },
    "tags": [
      "oil",
      "soya",
      "bulk"
    ],
    "isActive": true,
    "isFeatured": false
  },
  {
    "id": 65,
    "sku": "TERRA-65-OIL-45",
    "name": "Terra Soya Oil Sachet (45ml)",
    "slug": "terra-oil-45ml",
    "brand": "Terra",
    "brandId": 30,
    "company": "TGI Group",
    "companyId": 20,
    "category": "Cooking Oils & Fats",
    "categorySlug": "cooking-oils-fats",
    "description": "Sachet soya oil.",
    "detailedDescription": "One-time use sachet.",
    "price": 0,
    "moq": 100,
    "unit": "Sachet",
    "inStock": true,
    "quantity": 800,
    "images": [
      "https://i.ibb.co/21QyKb9h/Terra-oil-45ml.png"
    ],
    "specifications": {
      "brand": "Terra",
      "company": "TGI Group",
      "unit": "45ml",
      "moq": 100,
      "sku": "TERRA-65-OIL-45",
      "size": "45ml"
    },
    "tags": [
      "oil",
      "soya",
      "sachet"
    ],
    "isActive": true,
    "isFeatured": false
  },
  {
    "id": 66,
    "sku": "TERRA-66-OIL-700",
    "name": "Terra Soya Oil (700ml)",
    "slug": "terra-oil-700ml",
    "brand": "Terra",
    "brandId": 30,
    "company": "TGI Group",
    "companyId": 20,
    "category": "Cooking Oils & Fats",
    "categorySlug": "cooking-oils-fats",
    "description": "Small bottle soya oil.",
    "detailedDescription": "Compact 700ml bottle.",
    "price": 33500,
    "moq": 12,
    "unit": "Bottle",
    "inStock": true,
    "quantity": 150,
    "images": [
      "https://i.ibb.co/C559NLC7/Terra-oil-700ml.png"
    ],
    "specifications": {
      "brand": "Terra",
      "company": "TGI Group",
      "unit": "700ml",
      "moq": 12,
      "sku": "TERRA-66-OIL-700",
      "size": "700ml"
    },
    "tags": [
      "oil",
      "soya"
    ],
    "isActive": true,
    "isFeatured": false
  },
  {
    "id": 67,
    "sku": "TERRA-67-PACK",
    "name": "Terra Saver Pack",
    "slug": "terra-saver-pack",
    "brand": "Terra",
    "brandId": 30,
    "company": "TGI Group",
    "companyId": 20,
    "category": "Seasonings & Flavor",
    "categorySlug": "spices-sauces-condiments",
    "description": "Mixed seasoning saver pack.",
    "detailedDescription": "Economical pack containing multiple cubes.",
    "price": 15300,
    "moq": 20,
    "unit": "Pack",
    "inStock": true,
    "quantity": 200,
    "images": [
      "https://i.ibb.co/PZvWJWzV/Terra-Saver-Pack.png",
      "https://i.ibb.co/RGSKzN89/Terra-Beef-Saver-Pack.png",
      "https://i.ibb.co/wts1vYN/Terra-Chicken-Super-Saver-Pack.png"
    ],
    "specifications": {
      "brand": "Terra",
      "company": "TGI Group",
      "unit": "Pack",
      "moq": 20,
      "sku": "TERRA-67-PACK"
    },
    "tags": [
      "seasoning",
      "saver-pack"
    ],
    "isActive": true,
    "isFeatured": false
  },
  {
    "id": 68,
    "sku": "VITALI-68-MARG",
    "name": "Vitali Margarine",
    "slug": "vitali-margerine",
    "brand": "Vitali",
    "brandId": 39,
    "company": "Vitali",
    "companyId": 27,
    "category": "Cooking Oils & Fats",
    "categorySlug": "cooking-oils-fats",
    "description": "Multipurpose margarine.",
    "detailedDescription": "Great for baking and cooking.",
    "price": 21900,
    "moq": 12,
    "unit": "Tub",
    "inStock": true,
    "quantity": 100,
    "images": [
      "https://i.ibb.co/67VdJ4dF/vitali-margerine.png"
    ],
    "specifications": {
      "brand": "Vitali",
      "company": "Vitali",
      "unit": "250g",
      "moq": 12,
      "sku": "VITALI-68-MARG",
      "size": "250g"
    },
    "tags": [
      "margarine",
      "baking"
    ],
    "isActive": true,
    "isFeatured": false
  },
  {
    "id": 69,
    "sku": "WHIPPY-69-MAYO",
    "name": "Whippy Mayonnaise",
    "slug": "whippy-mayonnaise",
    "brand": "Whippy",
    "brandId": 40,
    "company": "Grand Cereals",
    "companyId": 28,
    "category": "Spices, Sauces & Condiments",
    "categorySlug": "spices-sauces-condiments",
    "description": "Thick creamy mayonnaise.",
    "detailedDescription": "A delightful dressing for salads and sandwiches.",
    "price": 1600,
    "moq": 6,
    "unit": "Jar",
    "inStock": true,
    "quantity": 70,
    "images": [
      "https://i.ibb.co/DgVcVN31/whippy-mayonnaise.png"
    ],
    "specifications": {
      "brand": "Whippy",
      "company": "Grand Cereals",
      "unit": "Jar",
      "moq": 6,
      "sku": "WHIPPY-69-MAYO"
    },
    "tags": [
      "mayonnaise",
      "condiment"
    ],
    "isActive": true,
    "isFeatured": false
  }
]